"Date","District","Meantemp","Totalrain","meanAOI","meanADI","Number.of.Sites","Total.traps","Number.of.positive.traps","Nummosquito.per.1000.traps","Period","year","month"
2010-01-01,"Hong Kong Island & Kowloon",16.9655913978495,24.125,0,NA,21,1155,0,NA,"2010 ~ 2019","2010","01"
2010-01-01,"New Territories East",16.3161290322581,20.1666666666667,0,NA,6,330,0,NA,"2010 ~ 2019","2010","01"
2010-01-01,"New Territories West",16.4209677419355,22,0,NA,10,550,0,NA,"2010 ~ 2019","2010","01"
2010-02-01,"Hong Kong Island & Kowloon",17.8916666666667,95.125,0.00219047619047619,NA,21,1155,3,NA,"2010 ~ 2019","2010","02"
2010-02-01,"New Territories East",17.5125,65.6666666666667,0,NA,6,330,0,NA,"2010 ~ 2019","2010","02"
2010-02-01,"New Territories West",17.5392857142857,89.75,0.0018,NA,10,550,1,NA,"2010 ~ 2019","2010","02"
2010-03-01,"Hong Kong Island & Kowloon",20.1150537634409,9.625,0.0141904761904762,NA,21,1155,16,NA,"2010 ~ 2019","2010","03"
2010-03-01,"New Territories East",19.7690702087287,10.5,0.00742857142857143,NA,6,330,2,NA,"2010 ~ 2019","2010","03"
2010-03-01,"New Territories West",19.8008064516129,15.5,0.0238,NA,10,550,13,NA,"2010 ~ 2019","2010","03"
2010-04-01,"Hong Kong Island & Kowloon",21.1433333333333,92.125,0.0295238095238095,NA,21,1155,34,NA,"2010 ~ 2019","2010","04"
2010-04-01,"New Territories East",20.6401149425287,90.5,0.0127142857142857,NA,6,330,4,NA,"2010 ~ 2019","2010","04"
2010-04-01,"New Territories West",21.1075,111.375,0.0494,NA,10,550,27,NA,"2010 ~ 2019","2010","04"
2010-05-01,"Hong Kong Island & Kowloon",25.6021505376344,180.125,0.0924285714285714,NA,21,1155,107,NA,"2010 ~ 2019","2010","05"
2010-05-01,"New Territories East",25.2424964936886,163.166666666667,0.0822857142857143,NA,6,330,27,NA,"2010 ~ 2019","2010","05"
2010-05-01,"New Territories West",25.7475806451613,207.5,0.1189,NA,10,550,65,NA,"2010 ~ 2019","2010","05"
2010-06-01,"Hong Kong Island & Kowloon",27.0511111111111,458.375,0.106047619047619,NA,21,1155,122,NA,"2010 ~ 2019","2010","06"
2010-06-01,"New Territories East",27.1084126984127,166,0.147714285714286,NA,6,330,49,NA,"2010 ~ 2019","2010","06"
2010-06-01,"New Territories West",26.8866666666667,277.375,0.0862,NA,10,550,47,NA,"2010 ~ 2019","2010","06"
2010-07-01,"Hong Kong Island & Kowloon",29.1817204301075,411.75,0.135952380952381,NA,21,1155,157,NA,"2010 ~ 2019","2010","07"
2010-07-01,"New Territories East",28.8263723825693,408.833333333333,0.132428571428571,NA,6,330,44,NA,"2010 ~ 2019","2010","07"
2010-07-01,"New Territories West",28.8338709677419,234.375,0.1134,NA,10,550,62,NA,"2010 ~ 2019","2010","07"
2010-08-01,"Hong Kong Island & Kowloon",28.9333333333333,265.375,0.0992380952380952,NA,21,1155,115,NA,"2010 ~ 2019","2010","08"
2010-08-01,"New Territories East",28.7537634408602,220.5,0.142571428571429,NA,6,330,47,NA,"2010 ~ 2019","2010","08"
2010-08-01,"New Territories West",28.4266594982079,177.625,0.0758,NA,10,550,42,NA,"2010 ~ 2019","2010","08"
2010-09-01,"Hong Kong Island & Kowloon",28.1277777777778,617,0.0778095238095238,NA,21,1155,90,NA,"2010 ~ 2019","2010","09"
2010-09-01,"New Territories East",27.9322222222222,344.833333333333,0.0978571428571429,NA,6,330,32,NA,"2010 ~ 2019","2010","09"
2010-09-01,"New Territories West",27.6926666666667,449.375,0.0673,NA,10,550,37,NA,"2010 ~ 2019","2010","09"
2010-10-01,"Hong Kong Island & Kowloon",25.1387096774194,36.375,0.0263333333333333,NA,21,1155,30,NA,"2010 ~ 2019","2010","10"
2010-10-01,"New Territories East",24.5118279569892,51.1666666666667,0.062,NA,6,330,20,NA,"2010 ~ 2019","2010","10"
2010-10-01,"New Territories West",24.6509677419355,24.5,0.0232,NA,10,550,13,NA,"2010 ~ 2019","2010","10"
2010-11-01,"Hong Kong Island & Kowloon",21.2144444444444,37.5,0.004,NA,21,1155,5,NA,"2010 ~ 2019","2010","11"
2010-11-01,"New Territories East",20.5777777777778,37.5,0.008,NA,6,330,3,NA,"2010 ~ 2019","2010","11"
2010-11-01,"New Territories West",20.8793333333333,34.75,0.0091,NA,10,550,5,NA,"2010 ~ 2019","2010","11"
2010-12-01,"Hong Kong Island & Kowloon",17.9301075268817,17.625,0.00161904761904762,NA,21,1155,2,NA,"2010 ~ 2019","2010","12"
2010-12-01,"New Territories East",17.0451612903226,19,0,NA,6,330,0,NA,"2010 ~ 2019","2010","12"
2010-12-01,"New Territories West",17.5935483870968,21.5,0,NA,10,550,0,NA,"2010 ~ 2019","2010","12"
2011-01-01,"Hong Kong Island & Kowloon",13.6881720430108,4.25,0,NA,24,1320,0,NA,"2010 ~ 2019","2011","01"
2011-01-01,"New Territories East",12.347311827957,8.83333333333333,0,NA,8,440,0,NA,"2010 ~ 2019","2011","01"
2011-01-01,"New Territories West",12.7987096774194,5.25,0,NA,12,660,0,NA,"2010 ~ 2019","2011","01"
2011-02-01,"Hong Kong Island & Kowloon",16.1452380952381,21.25,0.00075,NA,24,1320,1,NA,"2010 ~ 2019","2011","02"
2011-02-01,"New Territories East",15.6,23.8333333333333,0,NA,8,440,0,NA,"2010 ~ 2019","2011","02"
2011-02-01,"New Territories West",15.8139682539683,17.125,0,NA,12,660,0,NA,"2010 ~ 2019","2011","02"
2011-03-01,"Hong Kong Island & Kowloon",17.901935483871,17.875,0,NA,24,1320,0,NA,"2010 ~ 2019","2011","03"
2011-03-01,"New Territories East",17.3634408602151,18.6666666666667,0,NA,8,440,0,NA,"2010 ~ 2019","2011","03"
2011-03-01,"New Territories West",17.6645161290323,28.75,0,NA,12,660,0,NA,"2010 ~ 2019","2011","03"
2011-04-01,"Hong Kong Island & Kowloon",22.5633333333333,31.25,0.00666666666666667,NA,24,1320,9,NA,"2010 ~ 2019","2011","04"
2011-04-01,"New Territories East",22.5377777777778,70.1666666666667,0.00225,NA,8,440,1,NA,"2010 ~ 2019","2011","04"
2011-04-01,"New Territories West",22.6446666666667,25.625,0,NA,12,660,0,NA,"2010 ~ 2019","2011","04"
2011-05-01,"Hong Kong Island & Kowloon",25.9193548387097,169.875,0.0824583333333333,NA,24,1320,109,NA,"2010 ~ 2019","2011","05"
2011-05-01,"New Territories East",25.5967741935484,204.333333333333,0.119875,NA,8,440,53,NA,"2010 ~ 2019","2011","05"
2011-05-01,"New Territories West",25.8432258064516,169,0.113583333333333,NA,12,660,75,NA,"2010 ~ 2019","2011","05"
2011-06-01,"Hong Kong Island & Kowloon",28.4333333333333,423.25,0.106416666666667,NA,24,1320,140,NA,"2010 ~ 2019","2011","06"
2011-06-01,"New Territories East",28.31,466.666666666667,0.16575,NA,8,440,73,NA,"2010 ~ 2019","2011","06"
2011-06-01,"New Territories West",28.302,350.625,0.117,NA,12,660,77,NA,"2010 ~ 2019","2011","06"
2011-07-01,"Hong Kong Island & Kowloon",28.7279569892473,219.875,0.138833333333333,NA,24,1320,183,NA,"2010 ~ 2019","2011","07"
2011-07-01,"New Territories East",28.5935483870968,226.666666666667,0.142125,NA,8,440,63,NA,"2010 ~ 2019","2011","07"
2011-07-01,"New Territories West",28.4774193548387,200.5,0.15175,NA,12,660,100,NA,"2010 ~ 2019","2011","07"
2011-08-01,"Hong Kong Island & Kowloon",29.4064516129032,139.125,0.0816666666666667,NA,24,1320,108,NA,"2010 ~ 2019","2011","08"
2011-08-01,"New Territories East",29.3440860215054,149,0.1225,NA,8,440,54,NA,"2010 ~ 2019","2011","08"
2011-08-01,"New Territories West",29.1122849462366,134.375,0.0659166666666667,NA,12,660,44,NA,"2010 ~ 2019","2011","08"
2011-09-01,"Hong Kong Island & Kowloon",28.1550957854406,135.75,0.0534166666666667,NA,24,1320,71,NA,"2010 ~ 2019","2011","09"
2011-09-01,"New Territories East",27.6233333333333,128.333333333333,0.07575,NA,8,440,33,NA,"2010 ~ 2019","2011","09"
2011-09-01,"New Territories West",27.7547619047619,100.75,0.0589166666666667,NA,12,660,39,NA,"2010 ~ 2019","2011","09"
2011-10-01,"Hong Kong Island & Kowloon",24.9344086021505,147.375,0.0270416666666667,NA,24,1320,36,NA,"2010 ~ 2019","2011","10"
2011-10-01,"New Territories East",24.2247311827957,185.833333333333,0.02975,NA,8,440,13,NA,"2010 ~ 2019","2011","10"
2011-10-01,"New Territories West",24.5174193548387,82.125,0.02825,NA,12,660,19,NA,"2010 ~ 2019","2011","10"
2011-11-01,"Hong Kong Island & Kowloon",23.1852490421456,91.875,0.014,NA,24,1320,18,NA,"2010 ~ 2019","2011","11"
2011-11-01,"New Territories East",22.5311111111111,97.8333333333333,0.018125,NA,8,440,8,NA,"2010 ~ 2019","2011","11"
2011-11-01,"New Territories West",22.7856551724138,93.125,0.009,NA,12,660,6,NA,"2010 ~ 2019","2011","11"
2011-12-01,"Hong Kong Island & Kowloon",17.0835001853912,2.5,0.003,NA,24,1320,4,NA,"2010 ~ 2019","2011","12"
2011-12-01,"New Territories East",15.7709677419355,0,0,NA,8,440,0,NA,"2010 ~ 2019","2011","12"
2011-12-01,"New Territories West",16.4103225806452,0.625,0.00433333333333333,NA,12,660,3,NA,"2010 ~ 2019","2011","12"
2012-01-01,"Hong Kong Island & Kowloon",15.2021505376344,38.75,0,NA,24,1320,0,NA,"2010 ~ 2019","2012","01"
2012-01-01,"New Territories East",13.8849462365591,43.8333333333333,0,NA,8,440,0,NA,"2010 ~ 2019","2012","01"
2012-01-01,"New Territories West",14.2587096774194,45.25,0,NA,12,660,0,NA,"2010 ~ 2019","2012","01"
2012-02-01,"Hong Kong Island & Kowloon",16.1137931034483,31.875,0,NA,24,1320,0,NA,"2010 ~ 2019","2012","02"
2012-02-01,"New Territories East",15.0655172413793,48.3333333333333,0,NA,8,440,0,NA,"2010 ~ 2019","2012","02"
2012-02-01,"New Territories West",15.8655172413793,36,0,NA,12,660,0,NA,"2010 ~ 2019","2012","02"
2012-03-01,"Hong Kong Island & Kowloon",19.3763440860215,21.875,0.003875,NA,24,1320,5,NA,"2010 ~ 2019","2012","03"
2012-03-01,"New Territories East",18.4688172043011,29.5,0.002125,NA,8,440,1,NA,"2010 ~ 2019","2012","03"
2012-03-01,"New Territories West",19.3464516129032,24,0.00416666666666667,NA,12,660,3,NA,"2010 ~ 2019","2012","03"
2012-04-01,"Hong Kong Island & Kowloon",23.8611111111111,275.25,0.037,NA,24,1320,49,NA,"2010 ~ 2019","2012","04"
2012-04-01,"New Territories East",23.4244444444444,259.5,0.0315,NA,8,440,14,NA,"2010 ~ 2019","2012","04"
2012-04-01,"New Territories West",23.7773333333333,323.25,0.0734166666666667,NA,12,660,48,NA,"2010 ~ 2019","2012","04"
2012-05-01,"Hong Kong Island & Kowloon",27.1118279569892,312.875,0.117041666666667,NA,24,1320,154,NA,"2010 ~ 2019","2012","05"
2012-05-01,"New Territories East",26.7677419354839,279.5,0.103375,NA,8,440,45,NA,"2010 ~ 2019","2012","05"
2012-05-01,"New Territories West",27.1535483870968,138.25,0.156583333333333,NA,12,660,103,NA,"2010 ~ 2019","2012","05"
2012-06-01,"Hong Kong Island & Kowloon",28.1544444444444,232.75,0.126375,NA,24,1320,167,NA,"2010 ~ 2019","2012","06"
2012-06-01,"New Territories East",27.6744444444444,321.833333333333,0.12375,NA,8,440,54,NA,"2010 ~ 2019","2012","06"
2012-06-01,"New Territories West",27.9626666666667,144.375,0.0988333333333333,NA,12,660,65,NA,"2010 ~ 2019","2012","06"
2012-07-01,"Hong Kong Island & Kowloon",28.6763440860215,390.625,0.050875,NA,24,1320,67,NA,"2010 ~ 2019","2012","07"
2012-07-01,"New Territories East",28.2087311827957,573.833333333333,0.081875,NA,8,440,36,NA,"2010 ~ 2019","2012","07"
2012-07-01,"New Territories West",28.3135483870968,408,0.0496666666666667,NA,12,660,33,NA,"2010 ~ 2019","2012","07"
2012-08-01,"Hong Kong Island & Kowloon",29.389247311828,154.25,0.07,NA,24,1320,92,NA,"2010 ~ 2019","2012","08"
2012-08-01,"New Territories East",28.8552836484983,131.333333333333,0.076125,NA,8,440,33,NA,"2010 ~ 2019","2012","08"
2012-08-01,"New Territories West",29.0154838709677,87.75,0.0728333333333333,NA,12,660,48,NA,"2010 ~ 2019","2012","08"
2012-09-01,"Hong Kong Island & Kowloon",27.8566666666667,195.125,0.0441666666666667,NA,24,1320,58,NA,"2010 ~ 2019","2012","09"
2012-09-01,"New Territories East",27.1499206349206,84.8333333333333,0.039,NA,8,440,17,NA,"2010 ~ 2019","2012","09"
2012-09-01,"New Territories West",27.6673333333333,49.125,0.04775,NA,12,660,32,NA,"2010 ~ 2019","2012","09"
2012-10-01,"Hong Kong Island & Kowloon",25.3064516129032,42.75,0.020625,NA,24,1320,27,NA,"2010 ~ 2019","2012","10"
2012-10-01,"New Territories East",24.7236559139785,53.8333333333333,0.031625,NA,8,440,14,NA,"2010 ~ 2019","2012","10"
2012-10-01,"New Territories West",25.3045161290323,50.25,0.02325,NA,12,660,15,NA,"2010 ~ 2019","2012","10"
2012-11-01,"Hong Kong Island & Kowloon",22.3788888888889,57,0.00504166666666667,NA,24,1320,7,NA,"2010 ~ 2019","2012","11"
2012-11-01,"New Territories East",21.2444444444444,88.3333333333333,0.016,NA,8,440,7,NA,"2010 ~ 2019","2012","11"
2012-11-01,"New Territories West",21.8166666666667,69,0.00775,NA,12,660,5,NA,"2010 ~ 2019","2012","11"
2012-12-01,"Hong Kong Island & Kowloon",18.1043010752688,47.375,0.00466666666666667,NA,24,1320,6,NA,"2010 ~ 2019","2012","12"
2012-12-01,"New Territories East",16.9096774193548,45.6666666666667,0.004375,NA,8,440,2,NA,"2010 ~ 2019","2012","12"
2012-12-01,"New Territories West",17.4109677419355,50.375,0.00141666666666667,NA,12,660,1,NA,"2010 ~ 2019","2012","12"
2013-01-01,"Hong Kong Island & Kowloon",16.9752688172043,3.25,0.000791666666666667,NA,24,1320,1,NA,"2010 ~ 2019","2013","01"
2013-01-01,"New Territories East",15.7322580645161,9.66666666666667,0,NA,8,440,0,NA,"2010 ~ 2019","2013","01"
2013-01-01,"New Territories West",16.2303225806452,2.625,0.00158333333333333,NA,12,660,1,NA,"2010 ~ 2019","2013","01"
2013-02-01,"Hong Kong Island & Kowloon",19.272619047619,2.375,0.00075,NA,24,1320,1,NA,"2010 ~ 2019","2013","02"
2013-02-01,"New Territories East",18.5857142857143,1,0,NA,8,440,0,NA,"2010 ~ 2019","2013","02"
2013-02-01,"New Territories West",19.0607142857143,1.125,0,NA,12,660,0,NA,"2010 ~ 2019","2013","02"
2013-03-01,"Hong Kong Island & Kowloon",20.6290322580645,123.125,0,NA,24,1320,0,NA,"2010 ~ 2019","2013","03"
2013-03-01,"New Territories East",19.7118279569892,111.666666666667,0,NA,8,440,0,NA,"2010 ~ 2019","2013","03"
2013-03-01,"New Territories West",20.5096774193548,122,0.0015,NA,12,660,1,NA,"2010 ~ 2019","2013","03"
2013-04-01,"Hong Kong Island & Kowloon",21.882619047619,185,0.0250833333333333,NA,24,1320,33,NA,"2010 ~ 2019","2013","04"
2013-04-01,"New Territories East",21.13,242.166666666667,0.0255,NA,8,440,11,NA,"2010 ~ 2019","2013","04"
2013-04-01,"New Territories West",21.7353333333333,207.625,0.0234166666666667,NA,12,660,15,NA,"2010 ~ 2019","2013","04"
2013-05-01,"Hong Kong Island & Kowloon",25.7602150537634,397.375,0.0982916666666667,NA,24,1320,130,NA,"2010 ~ 2019","2013","05"
2013-05-01,"New Territories East",25.4704086021505,421.166666666667,0.133375,NA,8,440,59,NA,"2010 ~ 2019","2013","05"
2013-05-01,"New Territories West",25.7622365591398,351.25,0.126833333333333,NA,12,660,84,NA,"2010 ~ 2019","2013","05"
2013-06-01,"Hong Kong Island & Kowloon",28.2533333333333,347.5,0.136416666666667,NA,24,1320,180,NA,"2010 ~ 2019","2013","06"
2013-06-01,"New Territories East",28.1644444444444,440.666666666667,0.15875,NA,8,440,70,NA,"2010 ~ 2019","2013","06"
2013-06-01,"New Territories West",28.0784761904762,288.5,0.128083333333333,NA,12,660,85,NA,"2010 ~ 2019","2013","06"
2013-07-01,"Hong Kong Island & Kowloon",28.0774193548387,398.375,0.085,NA,24,1320,112,NA,"2010 ~ 2019","2013","07"
2013-07-01,"New Territories East",28.005376344086,416.666666666667,0.075125,NA,8,440,33,NA,"2010 ~ 2019","2013","07"
2013-07-01,"New Territories West",27.9735483870968,284.875,0.03975,NA,12,660,26,NA,"2010 ~ 2019","2013","07"
2013-08-01,"Hong Kong Island & Kowloon",28.6172043010753,348.625,0.0735416666666667,NA,24,1320,97,NA,"2010 ~ 2019","2013","08"
2013-08-01,"New Territories East",28.6036482334869,392,0.07425,NA,8,440,33,NA,"2010 ~ 2019","2013","08"
2013-08-01,"New Territories West",28.2884086021505,273.25,0.041,NA,12,660,27,NA,"2010 ~ 2019","2013","08"
2013-09-01,"Hong Kong Island & Kowloon",27.7733333333333,360.625,0.0504583333333333,NA,24,1320,67,NA,"2010 ~ 2019","2013","09"
2013-09-01,"New Territories East",27.4802380952381,297.833333333333,0.085875,NA,8,440,38,NA,"2010 ~ 2019","2013","09"
2013-09-01,"New Territories West",27.4113333333333,281.625,0.0575833333333333,NA,12,660,38,NA,"2010 ~ 2019","2013","09"
2013-10-01,"Hong Kong Island & Kowloon",25.5652947719689,1.375,0.0225416666666667,NA,24,1320,30,NA,"2010 ~ 2019","2013","10"
2013-10-01,"New Territories East",25.0806451612903,2.66666666666667,0.03825,NA,8,440,17,NA,"2010 ~ 2019","2013","10"
2013-10-01,"New Territories West",25.2129032258064,6.125,0.0120833333333333,NA,12,660,8,NA,"2010 ~ 2019","2013","10"
2013-11-01,"Hong Kong Island & Kowloon",21.93,62.75,0.00775,NA,24,1320,10,NA,"2010 ~ 2019","2013","11"
2013-11-01,"New Territories East",21.0844444444444,46.5,0.00225,NA,8,440,1,NA,"2010 ~ 2019","2013","11"
2013-11-01,"New Territories West",21.4966666666667,50.625,0.005,NA,12,660,3,NA,"2010 ~ 2019","2013","11"
2013-12-01,"Hong Kong Island & Kowloon",16.052688172043,76,0.00075,NA,24,1320,1,NA,"2010 ~ 2019","2013","12"
2013-12-01,"New Territories East",14.4559139784946,72,0.00225,NA,8,440,1,NA,"2010 ~ 2019","2013","12"
2013-12-01,"New Territories West",15.3974193548387,113.75,0,NA,12,660,0,NA,"2010 ~ 2019","2013","12"
2014-01-01,"Hong Kong Island & Kowloon",16.2086021505376,0.125,0,NA,24,1320,0,NA,"2010 ~ 2019","2014","01"
2014-01-01,"New Territories East",15.258064516129,0,0,NA,8,440,0,NA,"2010 ~ 2019","2014","01"
2014-01-01,"New Territories West",15.9554838709677,0,0,NA,12,660,0,NA,"2010 ~ 2019","2014","01"
2014-02-01,"Hong Kong Island & Kowloon",15.5607142857143,35.625,0,NA,24,1320,0,NA,"2010 ~ 2019","2014","02"
2014-02-01,"New Territories East",14.777380952381,28.3333333333333,0,NA,8,440,0,NA,"2010 ~ 2019","2014","02"
2014-02-01,"New Territories West",15.2085714285714,34.875,0,NA,12,660,0,NA,"2010 ~ 2019","2014","02"
2014-03-01,"Hong Kong Island & Kowloon",18.8075268817204,152.4,0,NA,24,1320,0,NA,"2010 ~ 2019","2014","03"
2014-03-01,"New Territories East",18.446523297491,218.833333333333,0,NA,8,440,0,NA,"2010 ~ 2019","2014","03"
2014-03-01,"New Territories West",18.9129032258065,200.125,0,NA,12,660,0,NA,"2010 ~ 2019","2014","03"
2014-04-01,"Hong Kong Island & Kowloon",22.7277777777778,126.875,0.0122916666666667,NA,24,1320,16,NA,"2010 ~ 2019","2014","04"
2014-04-01,"New Territories East",22.5488888888889,118.666666666667,0.035375,NA,8,440,16,NA,"2010 ~ 2019","2014","04"
2014-04-01,"New Territories West",22.9086666666667,126.375,0.0175,NA,12,660,12,NA,"2010 ~ 2019","2014","04"
2014-05-01,"Hong Kong Island & Kowloon",26.2634408602151,711.875,0.0987083333333333,NA,24,1320,130,NA,"2010 ~ 2019","2014","05"
2014-05-01,"New Territories East",25.9548387096774,670.5,0.15475,NA,8,440,68,NA,"2010 ~ 2019","2014","05"
2014-05-01,"New Territories West",26.2367741935484,526.25,0.135,NA,12,660,89,NA,"2010 ~ 2019","2014","05"
2014-06-01,"Hong Kong Island & Kowloon",28.8377777777778,413.675,0.114291666666667,NA,24,1320,151,NA,"2010 ~ 2019","2014","06"
2014-06-01,"New Territories East",28.6455555555556,316.5,0.160625,NA,8,440,71,NA,"2010 ~ 2019","2014","06"
2014-06-01,"New Territories West",28.664,288.25,0.0900833333333333,NA,12,660,59,NA,"2010 ~ 2019","2014","06"
2014-07-01,"Hong Kong Island & Kowloon",29.6182795698925,231.2,0.0997083333333333,NA,24,1320,132,NA,"2010 ~ 2019","2014","07"
2014-07-01,"New Territories East",29.4150537634409,237.833333333333,0.171625,NA,8,440,76,NA,"2010 ~ 2019","2014","07"
2014-07-01,"New Territories West",29.2793548387097,140,0.0646666666666667,NA,12,660,43,NA,"2010 ~ 2019","2014","07"
2014-08-01,"Hong Kong Island & Kowloon",28.7956989247312,535.4,0.0612916666666667,NA,24,1320,81,NA,"2010 ~ 2019","2014","08"
2014-08-01,"New Territories East",28.647311827957,232.833333333333,0.087,NA,8,440,38,NA,"2010 ~ 2019","2014","08"
2014-08-01,"New Territories West",28.5401334816463,264.125,0.05775,NA,12,660,38,NA,"2010 ~ 2019","2014","08"
2014-09-01,"Hong Kong Island & Kowloon",28.7077777777778,126.9,0.042625,NA,24,1320,56,NA,"2010 ~ 2019","2014","09"
2014-09-01,"New Territories East",28.5177777777778,185.666666666667,0.039875,NA,8,440,18,NA,"2010 ~ 2019","2014","09"
2014-09-01,"New Territories West",28.466,77,0.0365833333333333,NA,12,660,24,NA,"2010 ~ 2019","2014","09"
2014-10-01,"Hong Kong Island & Kowloon",25.9494623655914,118.575,0.0214166666666667,NA,24,1320,28,NA,"2010 ~ 2019","2014","10"
2014-10-01,"New Territories East",25.7258064516129,16.8333333333333,0.03425,NA,8,440,15,NA,"2010 ~ 2019","2014","10"
2014-10-01,"New Territories West",26.0030752688172,22,0.0160833333333333,NA,12,660,11,NA,"2010 ~ 2019","2014","10"
2014-11-01,"Hong Kong Island & Kowloon",22.5522222222222,49.575,0.00391666666666667,NA,24,1320,5,NA,"2010 ~ 2019","2014","11"
2014-11-01,"New Territories East",22.1711111111111,22,0.007,NA,8,440,3,NA,"2010 ~ 2019","2014","11"
2014-11-01,"New Territories West",22.4006666666667,29.625,0.003,NA,12,660,2,NA,"2010 ~ 2019","2014","11"
2014-12-01,"Hong Kong Island & Kowloon",16.2763440860215,39.575,0.00075,NA,24,1320,1,NA,"2010 ~ 2019","2014","12"
2014-12-01,"New Territories East",15.2591397849462,41,0.00475,NA,8,440,2,NA,"2010 ~ 2019","2014","12"
2014-12-01,"New Territories West",15.5935483870968,34.125,0,NA,12,660,0,NA,"2010 ~ 2019","2014","12"
2015-01-01,"Hong Kong Island & Kowloon",16.2634408602151,38.275,0,NA,30,1650,0,NA,"2010 ~ 2019","2015","01"
2015-01-01,"New Territories East",15.5666666666667,43.6666666666667,0,NA,9,495,0,NA,"2010 ~ 2019","2015","01"
2015-01-01,"New Territories West",16.1348387096774,25.25,0,NA,13,715,0,NA,"2010 ~ 2019","2015","01"
2015-02-01,"Hong Kong Island & Kowloon",17.525,27.575,0,NA,30,1650,0,NA,"2010 ~ 2019","2015","02"
2015-02-01,"New Territories East",17.1547619047619,17.6666666666667,0,NA,9,495,0,NA,"2010 ~ 2019","2015","02"
2015-02-01,"New Territories West",17.6735714285714,26.125,0,NA,13,715,0,NA,"2010 ~ 2019","2015","02"
2015-03-01,"Hong Kong Island & Kowloon",19.9688172043011,22.85,0.0015,NA,30,1650,2,NA,"2010 ~ 2019","2015","03"
2015-03-01,"New Territories East",19.5408602150538,14.5,0.0025,NA,9,495,1,NA,"2010 ~ 2019","2015","03"
2015-03-01,"New Territories West",20.1948387096774,11.875,0.00158333333333333,NA,13,715,1,NA,"2010 ~ 2019","2015","03"
2015-04-01,"Hong Kong Island & Kowloon",23.1988888888889,53.9,0.0240416666666667,NA,30,1650,40,NA,"2010 ~ 2019","2015","04"
2015-04-01,"New Territories East",23.0088888888889,47.3333333333333,0.01825,NA,9,495,9,NA,"2010 ~ 2019","2015","04"
2015-04-01,"New Territories West",23.128,55.75,0.0158333333333333,NA,13,715,11,NA,"2010 ~ 2019","2015","04"
2015-05-01,"Hong Kong Island & Kowloon",27.2215053763441,496.75,0.0830416666666667,NA,30,1650,137,NA,"2010 ~ 2019","2015","05"
2015-05-01,"New Territories East",27.0301075268817,588,0.07825,NA,9,495,39,NA,"2010 ~ 2019","2015","05"
2015-05-01,"New Territories West",27.2161290322581,365.75,0.061,NA,13,715,44,NA,"2010 ~ 2019","2015","05"
2015-06-01,"Hong Kong Island & Kowloon",29.4422222222222,259.4,0.117291666666667,NA,30,1650,194,NA,"2010 ~ 2019","2015","06"
2015-06-01,"New Territories East",29.4855555555556,187.833333333333,0.164375,NA,9,495,81,NA,"2010 ~ 2019","2015","06"
2015-06-01,"New Territories West",29.202,167.875,0.08225,NA,13,715,59,NA,"2010 ~ 2019","2015","06"
2015-07-01,"Hong Kong Island & Kowloon",28.9376344086022,428.9,0.05275,NA,30,1650,87,NA,"2010 ~ 2019","2015","07"
2015-07-01,"New Territories East",28.6838709677419,315.333333333333,0.100875,NA,9,495,50,NA,"2010 ~ 2019","2015","07"
2015-07-01,"New Territories West",28.6593548387097,283,0.04125,NA,13,715,29,NA,"2010 ~ 2019","2015","07"
2015-08-01,"Hong Kong Island & Kowloon",29.047311827957,177.75,0.0699166666666667,NA,30,1650,115,NA,"2010 ~ 2019","2015","08"
2015-08-01,"New Territories East",28.9322580645161,237.666666666667,0.09175,NA,9,495,45,NA,"2010 ~ 2019","2015","08"
2015-08-01,"New Territories West",28.6606451612903,181.5,0.05775,NA,13,715,41,NA,"2010 ~ 2019","2015","08"
2015-09-01,"Hong Kong Island & Kowloon",28.2322222222222,110.525,0.0365,NA,30,1650,60,NA,"2010 ~ 2019","2015","09"
2015-09-01,"New Territories East",27.9655555555556,145.333333333333,0.08325,NA,9,495,41,NA,"2010 ~ 2019","2015","09"
2015-09-01,"New Territories West",28,92.5,0.0608333333333333,NA,13,715,43,NA,"2010 ~ 2019","2015","09"
2015-10-01,"Hong Kong Island & Kowloon",25.805376344086,131.6,0.0347333333333333,NA,30,1650,57,NA,"2010 ~ 2019","2015","10"
2015-10-01,"New Territories East",25.310752688172,280.5,0.0356666666666667,NA,9,495,18,NA,"2010 ~ 2019","2015","10"
2015-10-01,"New Territories West",25.5219139784946,154.375,0.0285384615384615,NA,13,715,20,NA,"2010 ~ 2019","2015","10"
2015-11-01,"Hong Kong Island & Kowloon",24.0022222222222,26.2,0.0092,NA,30,1650,15,NA,"2010 ~ 2019","2015","11"
2015-11-01,"New Territories East",23.4577777777778,26.6666666666667,0.00944444444444444,NA,9,495,5,NA,"2010 ~ 2019","2015","11"
2015-11-01,"New Territories West",23.7593333333333,8.375,0.00684615384615385,NA,13,715,5,NA,"2010 ~ 2019","2015","11"
2015-12-01,"Hong Kong Island & Kowloon",18.6451612903226,63.025,0.00123333333333333,NA,30,1650,2,NA,"2010 ~ 2019","2015","12"
2015-12-01,"New Territories East",17.6258064516129,66.8333333333333,0.002,NA,9,495,1,NA,"2010 ~ 2019","2015","12"
2015-12-01,"New Territories West",17.9116129032258,42.5,0,NA,13,715,0,NA,"2010 ~ 2019","2015","12"
2016-01-01,"Hong Kong Island & Kowloon",16.141935483871,218.525,0,NA,30,1650,0,NA,"2010 ~ 2019","2016","01"
2016-01-01,"New Territories East",15.2978494623656,232.333333333333,0,NA,9,495,0,NA,"2010 ~ 2019","2016","01"
2016-01-01,"New Territories West",15.5941935483871,254.25,0,NA,13,715,0,NA,"2010 ~ 2019","2016","01"
2016-02-01,"Hong Kong Island & Kowloon",15.5896551724138,25.425,0,NA,30,1650,0,NA,"2010 ~ 2019","2016","02"
2016-02-01,"New Territories East",14.6057471264368,35.3333333333333,0,NA,9,495,0,NA,"2010 ~ 2019","2016","02"
2016-02-01,"New Territories West",14.8951724137931,31.75,0,NA,13,715,0,NA,"2010 ~ 2019","2016","02"
2016-03-01,"Hong Kong Island & Kowloon",17.647311827957,161.1,0,NA,30,1650,0,NA,"2010 ~ 2019","2016","03"
2016-03-01,"New Territories East",17.1602150537634,140.333333333333,0,NA,9,495,0,NA,"2010 ~ 2019","2016","03"
2016-03-01,"New Territories West",17.6122580645161,128.625,0,NA,13,715,0,NA,"2010 ~ 2019","2016","03"
2016-04-01,"Hong Kong Island & Kowloon",23.6566666666667,225.875,0.0165666666666667,NA,30,1650,27,NA,"2010 ~ 2019","2016","04"
2016-04-01,"New Territories East",23.5409523809524,196.166666666667,0.0133333333333333,NA,9,495,7,NA,"2010 ~ 2019","2016","04"
2016-04-01,"New Territories West",23.6879310344828,198.5,0.0126923076923077,NA,13,715,9,NA,"2010 ~ 2019","2016","04"
2016-05-01,"Hong Kong Island & Kowloon",26.6870967741935,195.55,0.0799666666666667,NA,30,1650,132,NA,"2010 ~ 2019","2016","05"
2016-05-01,"New Territories East",26.3225806451613,278.166666666667,0.127444444444444,NA,9,495,63,NA,"2010 ~ 2019","2016","05"
2016-05-01,"New Territories West",26.5787096774194,297.375,0.100307692307692,NA,13,715,72,NA,"2010 ~ 2019","2016","05"
2016-06-01,"Hong Kong Island & Kowloon",29.0033333333333,350.225,0.129866666666667,NA,30,1650,214,NA,"2010 ~ 2019","2016","06"
2016-06-01,"New Territories East",28.8088888888889,278.5,0.144777777777778,NA,9,495,72,NA,"2010 ~ 2019","2016","06"
2016-06-01,"New Territories West",28.782,211.5,0.126076923076923,NA,13,715,90,NA,"2010 ~ 2019","2016","06"
2016-07-01,"Hong Kong Island & Kowloon",29.5816487455197,201.95,0.124133333333333,NA,30,1650,205,NA,"2010 ~ 2019","2016","07"
2016-07-01,"New Territories East",29.33,168.5,0.118666666666667,NA,9,495,59,NA,"2010 ~ 2019","2016","07"
2016-07-01,"New Territories West",29.161935483871,163.25,0.0986153846153846,NA,13,715,71,NA,"2010 ~ 2019","2016","07"
2016-08-01,"Hong Kong Island & Kowloon",28.341935483871,477.3,0.0730666666666667,NA,30,1650,121,NA,"2010 ~ 2019","2016","08"
2016-08-01,"New Territories East",28.0956989247312,535.333333333333,0.0807777777777778,NA,9,495,40,NA,"2010 ~ 2019","2016","08"
2016-08-01,"New Territories West",27.8522580645161,441.75,0.0603846153846154,NA,13,715,43,NA,"2010 ~ 2019","2016","08"
2016-09-01,"Hong Kong Island & Kowloon",27.9730651340996,313.5,0.0623666666666667,NA,30,1650,103,NA,"2010 ~ 2019","2016","09"
2016-09-01,"New Territories East",27.5566666666667,202.833333333333,0.061,NA,9,495,30,NA,"2010 ~ 2019","2016","09"
2016-09-01,"New Territories West",27.4346666666667,216.375,0.0690769230769231,NA,13,715,49,NA,"2010 ~ 2019","2016","09"
2016-10-01,"Hong Kong Island & Kowloon",26.6489432703003,552.325,0.0328333333333333,NA,30,1650,54,NA,"2010 ~ 2019","2016","10"
2016-10-01,"New Territories East",26.0623655913978,507.333333333333,0.0277777777777778,NA,9,495,14,NA,"2010 ~ 2019","2016","10"
2016-10-01,"New Territories West",26.3438709677419,207.875,0.01,NA,13,715,7,NA,"2010 ~ 2019","2016","10"
2016-11-01,"Hong Kong Island & Kowloon",22.1377777777778,130.575,0.00683333333333333,NA,30,1650,11,NA,"2010 ~ 2019","2016","11"
2016-11-01,"New Territories East",21.3928888888889,84,0.00788888888888889,NA,9,495,4,NA,"2010 ~ 2019","2016","11"
2016-11-01,"New Territories West",21.57,96.875,0.004,NA,13,715,3,NA,"2010 ~ 2019","2016","11"
2016-12-01,"Hong Kong Island & Kowloon",19.6225806451613,10.275,6e-04,NA,30,1650,1,NA,"2010 ~ 2019","2016","12"
2016-12-01,"New Territories East",18.5827956989247,9.16666666666667,0.00188888888888889,NA,9,495,1,NA,"2010 ~ 2019","2016","12"
2016-12-01,"New Territories West",19.2062150537634,8.75,0.00146153846153846,NA,13,715,1,NA,"2010 ~ 2019","2016","12"
2017-01-01,"Hong Kong Island & Kowloon",18.4859387923904,8.75,0,NA,30,1650,0,NA,"2010 ~ 2019","2017","01"
2017-01-01,"New Territories East",17.8354838709677,10,0.00177777777777778,NA,9,495,1,NA,"2010 ~ 2019","2017","01"
2017-01-01,"New Territories West",18.2129032258064,7.125,0,NA,13,715,0,NA,"2010 ~ 2019","2017","01"
2017-02-01,"Hong Kong Island & Kowloon",16.7047619047619,19.225,0,NA,30,1650,0,NA,"2010 ~ 2019","2017","02"
2017-02-01,"New Territories East",16.2542768959436,21,0,NA,9,495,0,NA,"2010 ~ 2019","2017","02"
2017-02-01,"New Territories West",16.6664285714286,35.375,0,NA,13,715,0,NA,"2010 ~ 2019","2017","02"
2017-03-01,"Hong Kong Island & Kowloon",19.3207168458781,38.625,0,NA,30,1650,0,NA,"2010 ~ 2019","2017","03"
2017-03-01,"New Territories East",18.9096774193548,51.5,0.00366666666666667,NA,9,495,2,NA,"2010 ~ 2019","2017","03"
2017-03-01,"New Territories West",19.5335483870968,48,0.00138461538461538,NA,13,715,1,NA,"2010 ~ 2019","2017","03"
2017-04-01,"Hong Kong Island & Kowloon",22.9433333333333,74.575,0.0193333333333333,NA,30,1650,32,NA,"2010 ~ 2019","2017","04"
2017-04-01,"New Territories East",22.7377777777778,101.333333333333,0.0151111111111111,NA,9,495,7,NA,"2010 ~ 2019","2017","04"
2017-04-01,"New Territories West",22.8693333333333,92.75,0.0167692307692308,NA,13,715,12,NA,"2010 ~ 2019","2017","04"
2017-05-01,"Hong Kong Island & Kowloon",25.7376344086022,316.45,0.141166666666667,NA,30,1650,233,NA,"2010 ~ 2019","2017","05"
2017-05-01,"New Territories East",25.5623655913978,249.333333333333,0.177444444444444,NA,9,495,88,NA,"2010 ~ 2019","2017","05"
2017-05-01,"New Territories West",25.7587096774194,211.5,0.127076923076923,NA,13,715,91,NA,"2010 ~ 2019","2017","05"
2017-06-01,"Hong Kong Island & Kowloon",28.6877777777778,633.75,0.112966666666667,NA,30,1650,186,NA,"2010 ~ 2019","2017","06"
2017-06-01,"New Territories East",28.5655555555556,596.333333333333,0.0917777777777778,NA,9,495,45,NA,"2010 ~ 2019","2017","06"
2017-06-01,"New Territories West",28.5213333333333,386.375,0.0794615384615385,NA,13,715,57,NA,"2010 ~ 2019","2017","06"
2017-07-01,"Hong Kong Island & Kowloon",28.8655913978495,606.75,0.109233333333333,NA,30,1650,180,NA,"2010 ~ 2019","2017","07"
2017-07-01,"New Territories East",28.5591397849462,703.166666666667,0.110777777777778,NA,9,495,55,NA,"2010 ~ 2019","2017","07"
2017-07-01,"New Territories West",28.3438709677419,404.25,0.0954615384615385,NA,13,715,68,NA,"2010 ~ 2019","2017","07"
2017-08-01,"Hong Kong Island & Kowloon",29.2537634408602,482.9,0.0766333333333333,NA,30,1650,126,NA,"2010 ~ 2019","2017","08"
2017-08-01,"New Territories East",29.2075268817204,426,0.0575555555555556,NA,9,495,28,NA,"2010 ~ 2019","2017","08"
2017-08-01,"New Territories West",29.0166058906031,223.375,0.0451538461538462,NA,13,715,32,NA,"2010 ~ 2019","2017","08"
2017-09-01,"Hong Kong Island & Kowloon",28.9611111111111,215.925,0.0598666666666667,NA,30,1650,99,NA,"2010 ~ 2019","2017","09"
2017-09-01,"New Territories East",28.7077777777778,204.333333333333,0.075,NA,9,495,37,NA,"2010 ~ 2019","2017","09"
2017-09-01,"New Territories West",28.7738333333333,202.625,0.0522307692307692,NA,13,715,37,NA,"2010 ~ 2019","2017","09"
2017-10-01,"Hong Kong Island & Kowloon",26.5,95.025,0.0341,NA,30,1650,56,NA,"2010 ~ 2019","2017","10"
2017-10-01,"New Territories East",25.6559139784946,156.833333333333,0.0244444444444444,NA,9,495,12,NA,"2010 ~ 2019","2017","10"
2017-10-01,"New Territories West",26.0245161290323,80.75,0.0134615384615385,NA,13,715,10,NA,"2010 ~ 2019","2017","10"
2017-11-01,"Hong Kong Island & Kowloon",22.4133333333333,31.65,0.00853333333333333,NA,30,1650,14,NA,"2010 ~ 2019","2017","11"
2017-11-01,"New Territories East",21.5988888888889,20.1666666666667,0.00766666666666667,NA,9,495,4,NA,"2010 ~ 2019","2017","11"
2017-11-01,"New Territories West",21.8480952380952,15.625,0.00638461538461539,NA,13,715,5,NA,"2010 ~ 2019","2017","11"
2017-12-01,"Hong Kong Island & Kowloon",18.0397849462366,0.125,0.00123333333333333,NA,30,1650,2,NA,"2010 ~ 2019","2017","12"
2017-12-01,"New Territories East",17.3849462365591,0,0.00366666666666667,NA,9,495,2,NA,"2010 ~ 2019","2017","12"
2017-12-01,"New Territories West",17.8077419354839,0,0,NA,13,715,0,NA,"2010 ~ 2019","2017","12"
2018-01-01,"Hong Kong Island & Kowloon",16.0774193548387,61.425,0,NA,32,1760,0,NA,"2010 ~ 2019","2018","01"
2018-01-01,"New Territories East",15.4,71.1666666666667,0,NA,10,550,0,NA,"2010 ~ 2019","2018","01"
2018-01-01,"New Territories West",15.84,67.25,0,NA,15,825,0,NA,"2010 ~ 2019","2018","01"
2018-02-01,"Hong Kong Island & Kowloon",15.9464285714286,6.05,0,NA,32,1760,0,NA,"2010 ~ 2019","2018","02"
2018-02-01,"New Territories East",15.3357142857143,5.83333333333333,0,NA,10,550,0,NA,"2010 ~ 2019","2018","02"
2018-02-01,"New Territories West",15.7528571428571,6.875,0,NA,15,825,0,NA,"2010 ~ 2019","2018","02"
2018-03-01,"Hong Kong Island & Kowloon",20.5860215053763,24.675,0.000666666666666667,NA,32,1760,1,NA,"2010 ~ 2019","2018","03"
2018-03-01,"New Territories East",20.1333333333333,16.6666666666667,0.00177777777777778,NA,10,550,1,NA,"2010 ~ 2019","2018","03"
2018-03-01,"New Territories West",20.6477419354839,21.5,0,NA,15,825,0,NA,"2010 ~ 2019","2018","03"
2018-04-01,"Hong Kong Island & Kowloon",23.2866666666667,34.475,0.00843333333333333,NA,32,1760,15,NA,"2010 ~ 2019","2018","04"
2018-04-01,"New Territories East",22.98,34.1666666666667,0.0201111111111111,NA,10,550,11,NA,"2010 ~ 2019","2018","04"
2018-04-01,"New Territories West",23.2433333333333,46.5,0.00907692307692308,NA,15,825,7,NA,"2010 ~ 2019","2018","04"
2018-05-01,"Hong Kong Island & Kowloon",27.9569892473118,72.325,0.0849,NA,32,1760,149,NA,"2010 ~ 2019","2018","05"
2018-05-01,"New Territories East",28.0989247311828,85.5,0.155333333333333,NA,10,550,85,NA,"2010 ~ 2019","2018","05"
2018-05-01,"New Territories West",28.1741935483871,57.875,0.0998461538461538,NA,15,825,82,NA,"2010 ~ 2019","2018","05"
2018-06-01,"Hong Kong Island & Kowloon",28.3988888888889,495.8,0.106333333333333,NA,32,1760,187,NA,"2010 ~ 2019","2018","06"
2018-06-01,"New Territories East",28.15,641.5,0.152111111111111,NA,10,550,84,NA,"2010 ~ 2019","2018","06"
2018-06-01,"New Territories West",28.304,457.125,0.0926923076923077,NA,15,825,76,NA,"2010 ~ 2019","2018","06"
2018-07-01,"Hong Kong Island & Kowloon",28.8666666666667,323.825,0.15771875,NA,32,1760,278,NA,"2010 ~ 2019","2018","07"
2018-07-01,"New Territories East",28.7311827956989,393.333333333333,0.1939,NA,10,550,107,NA,"2010 ~ 2019","2018","07"
2018-07-01,"New Territories West",28.7425806451613,214.875,0.140533333333333,NA,15,825,116,NA,"2010 ~ 2019","2018","07"
2018-08-01,"Hong Kong Island & Kowloon",28.3397849462366,582.1,0.0746875,NA,32,1760,131,NA,"2010 ~ 2019","2018","08"
2018-08-01,"New Territories East",28.110752688172,807.833333333333,0.0958,NA,10,550,53,NA,"2010 ~ 2019","2018","08"
2018-08-01,"New Territories West",28.081935483871,567.875,0.0625333333333333,NA,15,825,52,NA,"2010 ~ 2019","2018","08"
2018-09-01,"Hong Kong Island & Kowloon",27.7877777777778,330.375,0.0646875,NA,32,1760,114,NA,"2010 ~ 2019","2018","09"
2018-09-01,"New Territories East",27.7077777777778,238.166666666667,0.0734,NA,10,550,40,NA,"2010 ~ 2019","2018","09"
2018-09-01,"New Territories West",27.6869523809524,268.875,0.0358,NA,15,825,30,NA,"2010 ~ 2019","2018","09"
2018-10-01,"Hong Kong Island & Kowloon",25.0193548387097,81.825,0.02134375,NA,32,1760,38,NA,"2010 ~ 2019","2018","10"
2018-10-01,"New Territories East",24.5043010752688,44.1666666666667,0.0362,NA,10,550,20,NA,"2010 ~ 2019","2018","10"
2018-10-01,"New Territories West",24.7870967741936,42.875,0.0116666666666667,NA,15,825,10,NA,"2010 ~ 2019","2018","10"
2018-11-01,"Hong Kong Island & Kowloon",22.8311111111111,70.825,0.009,NA,32,1760,16,NA,"2010 ~ 2019","2018","11"
2018-11-01,"New Territories East",22.41,70.6666666666667,0.0072,NA,10,550,4,NA,"2010 ~ 2019","2018","11"
2018-11-01,"New Territories West",22.7413333333333,54.375,0.00886666666666667,NA,15,825,7,NA,"2010 ~ 2019","2018","11"
2018-12-01,"Hong Kong Island & Kowloon",19.1354838709677,18.975,0.00159375,NA,32,1760,3,NA,"2010 ~ 2019","2018","12"
2018-12-01,"New Territories East",18.0204301075269,11.6666666666667,0,NA,10,550,0,NA,"2010 ~ 2019","2018","12"
2018-12-01,"New Territories West",18.6127419354839,10.25,0,NA,15,825,0,NA,"2010 ~ 2019","2018","12"
2019-01-01,"Hong Kong Island & Kowloon",17.958064516129,3.225,0.00040625,NA,32,1760,1,NA,"2010 ~ 2019","2019","01"
2019-01-01,"New Territories East",17.4698924731183,5.83333333333333,0,NA,10,550,0,NA,"2010 ~ 2019","2019","01"
2019-01-01,"New Territories West",17.9073387096774,4.125,0,NA,15,825,0,NA,"2010 ~ 2019","2019","01"
2019-02-01,"Hong Kong Island & Kowloon",20.1059523809524,71.95,0.0005625,NA,32,1760,1,NA,"2010 ~ 2019","2019","02"
2019-02-01,"New Territories East",19.7416666666667,37.6666666666667,0.0018,NA,10,550,1,NA,"2010 ~ 2019","2019","02"
2019-02-01,"New Territories West",20.3342857142857,61.5,0,NA,15,825,0,NA,"2010 ~ 2019","2019","02"
2019-03-01,"Hong Kong Island & Kowloon",20.9096774193548,158.15,0.01196875,NA,32,1760,21,NA,"2010 ~ 2019","2019","03"
2019-03-01,"New Territories East",20.4784946236559,94.5,0.0121,NA,10,550,7,NA,"2010 ~ 2019","2019","03"
2019-03-01,"New Territories West",20.9651612903226,142.875,0.0129333333333333,NA,15,825,11,NA,"2010 ~ 2019","2019","03"
2019-04-01,"Hong Kong Island & Kowloon",24.4344444444444,184.1,0.054,NA,32,1760,95,NA,"2010 ~ 2019","2019","04"
2019-04-01,"New Territories East",24.4088888888889,204.166666666667,0.0749,NA,10,550,41,NA,"2010 ~ 2019","2019","04"
2019-04-01,"New Territories West",24.7173333333333,147.75,0.0412,NA,15,825,34,NA,"2010 ~ 2019","2019","04"
2019-05-01,"Hong Kong Island & Kowloon",25.2451612903226,252.525,0.09915625,NA,32,1760,175,NA,"2010 ~ 2019","2019","05"
2019-05-01,"New Territories East",25.1322580645161,187.166666666667,0.1363,NA,10,550,75,NA,"2010 ~ 2019","2019","05"
2019-05-01,"New Territories West",25.36,254.625,0.1132,NA,15,825,93,NA,"2010 ~ 2019","2019","05"
2019-06-01,"Hong Kong Island & Kowloon",28.6677777777778,390.575,0.15609375,NA,32,1760,275,NA,"2010 ~ 2019","2019","06"
2019-06-01,"New Territories East",28.5054761904762,269.166666666667,0.2138,NA,10,550,118,NA,"2010 ~ 2019","2019","06"
2019-06-01,"New Territories West",28.696,250.125,0.122266666666667,NA,15,825,101,NA,"2010 ~ 2019","2019","06"
2019-07-01,"Hong Kong Island & Kowloon",29.1397849462366,401.35,0.10565625,NA,32,1760,186,NA,"2010 ~ 2019","2019","07"
2019-07-01,"New Territories East",29.0666666666667,365.666666666667,0.1355,NA,10,550,75,NA,"2010 ~ 2019","2019","07"
2019-07-01,"New Territories West",29.1070967741935,282.125,0.0713333333333333,NA,15,825,59,NA,"2010 ~ 2019","2019","07"
2019-08-01,"Hong Kong Island & Kowloon",28.7818687430478,460.9,0.06865625,NA,32,1760,121,NA,"2010 ~ 2019","2019","08"
2019-08-01,"New Territories East",29.0591397849462,448.666666666667,0.1037,NA,10,550,57,NA,"2010 ~ 2019","2019","08"
2019-08-01,"New Territories West",28.7944301075269,319.375,0.0446666666666667,NA,15,825,37,NA,"2010 ~ 2019","2019","08"
2019-09-01,"Hong Kong Island & Kowloon",28.4855555555556,170.6,0.062125,NA,32,1760,109,NA,"2010 ~ 2019","2019","09"
2019-09-01,"New Territories East",28.2577777777778,166.333333333333,0.0869,NA,10,550,48,NA,"2010 ~ 2019","2019","09"
2019-09-01,"New Territories West",28.058,131.875,0.0543333333333333,NA,15,825,45,NA,"2010 ~ 2019","2019","09"
2019-10-01,"Hong Kong Island & Kowloon",26.1763440860215,186.95,0.02790625,NA,32,1760,49,NA,"2010 ~ 2019","2019","10"
2019-10-01,"New Territories East",25.8827956989247,95.8333333333333,0.0404,NA,10,550,22,NA,"2010 ~ 2019","2019","10"
2019-10-01,"New Territories West",26.0993548387097,71.125,0.021,NA,15,825,17,NA,"2010 ~ 2019","2019","10"
2019-11-01,"Hong Kong Island & Kowloon",22.6033333333333,0,0.01278125,NA,32,1760,22,NA,"2010 ~ 2019","2019","11"
2019-11-01,"New Territories East",22.0788888888889,0,0.0138,NA,10,550,8,NA,"2010 ~ 2019","2019","11"
2019-11-01,"New Territories West",22.5602898550725,0,0.00386666666666667,NA,15,825,3,NA,"2010 ~ 2019","2019","11"
2019-12-01,"Hong Kong Island & Kowloon",18.8096774193548,15.625,0.00053125,NA,32,1760,1,NA,"2010 ~ 2019","2019","12"
2019-12-01,"New Territories East",18.347311827957,7.16666666666667,8e-04,NA,10,550,0,NA,"2010 ~ 2019","2019","12"
2019-12-01,"New Territories West",18.8258064516129,9.25,0.00206666666666667,NA,15,825,2,NA,"2010 ~ 2019","2019","12"
2020-01-01,"Hong Kong Island & Kowloon",18.4010752688172,15.9,0.002,NA,32,1760,4,NA,"2020","2020","01"
2020-01-01,"New Territories East",17.9387096774194,29.8333333333333,0.0018,NA,10,550,1,NA,"2020","2020","01"
2020-01-01,"New Territories West",18.4154838709677,28.125,0.00113333333333333,NA,15,825,1,NA,"2020","2020","01"
2020-02-01,"Hong Kong Island & Kowloon",18.3471264367816,66.975,0.000875,NA,32,1760,2,NA,"2020","2020","02"
2020-02-01,"New Territories East",17.9551724137931,35.1666666666667,0,NA,10,550,0,NA,"2020","2020","02"
2020-02-01,"New Territories West",18.3034482758621,55.625,6e-04,NA,15,825,0,NA,"2020","2020","02"
2020-03-01,"Hong Kong Island & Kowloon",21.2537634408602,51.3,0.0065625,NA,32,1760,12,NA,"2020","2020","03"
2020-03-01,"New Territories East",20.8548387096774,30.1666666666667,0.0086,NA,10,550,5,NA,"2020","2020","03"
2020-03-01,"New Territories West",21.4090322580645,37.875,0.0128666666666667,NA,15,825,11,NA,"2020","2020","03"
2020-04-01,"Hong Kong Island & Kowloon",21.6555555555556,62.95,0.042,1.16666666666667,68,3740,157,49,"2020","2020","04"
2020-04-01,"New Territories East",21.4766666666667,48.8333333333333,0.0645,1.17,24,1320,85,75,"2020","2020","04"
2020-04-01,"New Territories West",21.5786666666667,66.375,0.0477333333333333,1.08,32,1760,84,52,"2020","2020","04"
2020-05-01,"Hong Kong Island & Kowloon",27.347311827957,331.125,0.08928125,1.303125,68,3740,334,116,"2020","2020","05"
2020-05-01,"New Territories East",27.3956989247312,213.833333333333,0.1111,1.27,26,1430,159,141,"2020","2020","05"
2020-05-01,"New Territories West",27.3690322580645,284.375,0.117666666666667,1.28,34,1870,220,151,"2020","2020","05"
2020-06-01,"Hong Kong Island & Kowloon",29.1342735042735,330.75,0.174205882352941,1.41176470588235,68,3740,652,246,"2020","2020","06"
2020-06-01,"New Territories East",29.1444444444444,408,0.22575,1.625,26,1430,323,367,"2020","2020","06"
2020-06-01,"New Territories West",29.0446666666667,186.375,0.1744375,1.5375,34,1870,326,268,"2020","2020","06"
2020-07-01,"Hong Kong Island & Kowloon",29.8645161290323,123.325,0.0757647058823529,1.21818181818182,68,3740,283,92,"2020","2020","07"
2020-07-01,"New Territories East",30.2064516129032,62.3333333333333,0.0915833333333333,1.55833333333333,26,1430,131,143,"2020","2020","07"
2020-07-01,"New Territories West",29.7008709677419,76.25,0.060625,1.09285714285714,34,1870,113,66,"2020","2020","07"
2020-08-01,"Hong Kong Island & Kowloon",28.7161290322581,459.2,0.0617941176470588,1.13636363636364,68,3740,231,70,"2020","2020","08"
2020-08-01,"New Territories East",28.589247311828,458.666666666667,0.07525,1.275,26,1430,108,96,"2020","2020","08"
2020-08-01,"New Territories West",28.012064516129,271.125,0.0504375,1.15,34,1870,94,58,"2020","2020","08"
2020-09-01,"Hong Kong Island & Kowloon",28.0733333333333,644.5,0.0658823529411765,1.12121212121212,68,3740,246,74,"2020","2020","09"
2020-09-01,"New Territories East",27.8233333333333,452.666666666667,0.08225,1.21666666666667,26,1430,118,100,"2020","2020","09"
2020-09-01,"New Territories West",27.6133333333333,190.875,0.056375,1.10625,34,1870,105,62,"2020","2020","09"
2020-10-01,"Hong Kong Island & Kowloon",25.3924731182796,77.725,0.0422352941176471,1.11724137931034,68,3740,158,47,"2020","2020","10"
2020-10-01,"New Territories East",25.0322580645161,59.3333333333333,0.04025,1.08,26,1430,58,44,"2020","2020","10"
2020-10-01,"New Territories West",24.916935483871,19.875,0.0359375,1.12142857142857,34,1870,67,40,"2020","2020","10"
2020-11-01,"Hong Kong Island & Kowloon",23.4477777777778,2.75,0.0205588235294118,1.07777777777778,68,3740,77,22,"2020","2020","11"
2020-11-01,"New Territories East",22.9544444444444,2.66666666666667,0.01675,1,26,1430,24,17,"2020","2020","11"
2020-11-01,"New Territories West",23.1065714285714,0.375,0.02,1.05555555555556,34,1870,37,21,"2020","2020","11"
2020-12-01,"Hong Kong Island & Kowloon",18.1688172043011,0.8,0.00835294117647059,1.00909090909091,68,3740,31,8,"2020","2020","12"
2020-12-01,"New Territories East",17.2408602150538,1.5,0.00741666666666667,1.075,26,1430,11,8,"2020","2020","12"
2020-12-01,"New Territories West",17.5451612903226,0.25,0.0059375,1,34,1870,11,6,"2020","2020","12"
2021-01-01,"Hong Kong Island & Kowloon",16,0,0.00108680584073527,1,68,3740,4,1,"2021","2021","01"
2021-01-01,"New Territories East",15.310752688172,0,0.00150887573964497,1,26,1430,2,1,"2021","2021","01"
2021-01-01,"New Territories West",15.6774193548387,0,0,0,34,1870,0,0,"2021","2021","01"
2021-02-01,"Hong Kong Island & Kowloon",19.2595238095238,66.925,0.00106323105747613,1,68,3740,4,1,"2021","2021","02"
2021-02-01,"New Territories East",18.8488095238095,43,0.00202141582969402,1,26,1430,3,2,"2021","2021","02"
2021-02-01,"New Territories West",19.1342857142857,64.125,0.00353067470989406,1,34,1870,7,4,"2021","2021","02"
2021-03-01,"Hong Kong Island & Kowloon",21.8462365591398,7.325,0.021375523588065,1.0715811965812,68,3740,80,23,"2021","2021","03"
2021-03-01,"New Territories East",21.5838709677419,18,0.0358441509589493,1.03333333333333,26,1430,51,37,"2021","2021","03"
2021-03-01,"New Territories West",21.7922580645161,11.25,0.0392925961657016,1.04747899159664,34,1870,73,41,"2021","2021","03"
2021-04-01,"Hong Kong Island & Kowloon",23.8477777777778,32.675,0.0449405020597626,1.13603238866397,68,3740,168,51,"2021","2021","04"
2021-04-01,"New Territories East",23.77,25.8333333333333,0.0890300944071133,1.12048624452471,26,1430,127,100,"2021","2021","04"
2021-04-01,"New Territories West",24.1093333333333,27.875,0.0419778505251739,1.15496482683983,34,1870,78,48,"2021","2021","04"
2021-05-01,"Hong Kong Island & Kowloon",28.6870967741935,79.275,0.102721116510582,1.22570803034289,68,3740,384,126,"2021","2021","05"
2021-05-01,"New Territories East",28.8440860215054,89.5,0.130307020011434,1.31853701853702,26,1430,186,172,"2021","2021","05"
2021-05-01,"New Territories West",28.8948387096774,70.375,0.0923538193603902,1.16814215196568,34,1870,173,108,"2021","2021","05"
2021-06-01,"Hong Kong Island & Kowloon",28.5277777777778,576.65,0.135178185109089,1.22646592195305,68,3740,506,166,"2021","2021","06"
2021-06-01,"New Territories East",28.4933333333333,366.5,0.202629263118439,1.4685779926743,26,1430,290,298,"2021","2021","06"
2021-06-01,"New Territories West",28.6646666666667,257.25,0.151291814651377,1.42451800922389,34,1870,283,216,"2021","2021","06"
2021-07-01,"Hong Kong Island & Kowloon",29.4841577060932,371.475,0.0752352941176471,1.13636363636364,68,3740,281,85,"2021","2021","07"
2021-07-01,"New Territories East",29.3258064516129,375.666666666667,0.0861538461538462,1.26153846153846,26,1430,123,109,"2021","2021","07"
2021-07-01,"New Territories West",29.3184086021505,219.125,0.0539411764705882,1.15625,34,1870,101,62,"2021","2021","07"
2021-08-01,"Hong Kong Island & Kowloon",28.5655913978495,341.65,0.0836764705882353,1.15151515151515,68,3740,313,96,"2021","2021","08"
2021-08-01,"New Territories East",28.4462365591398,463.333333333333,0.0967692307692308,1.2,26,1430,138,116,"2021","2021","08"
2021-08-01,"New Territories West",28.2684562211982,240.125,0.0884117647058824,1.0875,34,1870,165,96,"2021","2021","08"
2021-09-01,"Hong Kong Island & Kowloon",29.5255555555556,67.8,0.0555588235294118,1.12121212121212,68,3740,208,62,"2021","2021","09"
2021-09-01,"New Territories East",29.0944444444444,125.333333333333,0.0709230769230769,1.12307692307692,26,1430,101,79,"2021","2021","09"
2021-09-01,"New Territories West",29.1,63.25,0.0471176470588235,1.08571428571429,34,1870,88,51,"2021","2021","09"
2021-10-01,"Hong Kong Island & Kowloon",25.9021505376344,640.325,0.0285882352941176,1.0551724137931,68,3740,107,30,"2021","2021","10"
2021-10-01,"New Territories East",25.0688172043011,576.833333333333,0.0294615384615385,1.2,26,1430,42,35,"2021","2021","10"
2021-10-01,"New Territories West",25.2793548387097,395.875,0.0232941176470588,1,34,1870,44,24,"2021","2021","10"
2021-11-01,"Hong Kong Island & Kowloon",22.0877777777778,2.825,0.0187647058823529,1.09545454545455,68,3740,70,21,"2021","2021","11"
2021-11-01,"New Territories East",21.1033333333333,4.66666666666667,0.0217692307692308,1.1,26,1430,31,24,"2021","2021","11"
2021-11-01,"New Territories West",21.68,3.75,0.0244117647058824,1.13333333333333,34,1870,46,28,"2021","2021","11"
2021-12-01,"Hong Kong Island & Kowloon",18.758064516129,19.1,0.00205882352941176,1,68,3740,8,2,"2021","2021","12"
2021-12-01,"New Territories East",17.6709677419355,27.8333333333333,0,0,26,1430,0,0,"2021","2021","12"
2021-12-01,"New Territories West",18.241935483871,33.25,0,0,34,1870,0,0,"2021","2021","12"
2022-01-01,"Hong Kong Island & Kowloon",17.8666666666667,4.125,0.00217647058823529,1,68,3740,8,2,"2022","2022","01"
2022-01-01,"New Territories East",17.2860215053763,8.33333333333333,0.00284615384615385,1,26,1430,4,3,"2022","2022","01"
2022-01-01,"New Territories West",17.840489432703,6.25,0.00176470588235294,1,34,1870,3,2,"2022","2022","01"
2022-02-01,"Hong Kong Island & Kowloon",15.2738095238095,168.775,0.001,1,68,3740,4,1,"2022","2022","02"
2022-02-01,"New Territories East",14.4404761904762,183.833333333333,0,0,26,1430,0,0,"2022","2022","02"
2022-02-01,"New Territories West",14.9080357142857,124.5,0.00117647058823529,1,34,1870,2,1,"2022","2022","02"
2022-03-01,"Hong Kong Island & Kowloon",21.4032258064516,82,0.00297058823529412,1.16666666666667,68,3740,11,3,"2022","2022","03"
2022-03-01,"New Territories East",21.2698924731183,119,0.00361538461538462,1,26,1430,5,3,"2022","2022","03"
2022-03-01,"New Territories West",21.3741935483871,66.125,0.00294117647058824,1.25,34,1870,6,4,"2022","2022","03"
2022-04-01,"Hong Kong Island & Kowloon",23.4133333333333,4.625,0.0210882352941176,1.076,68,3740,79,23,"2022","2022","04"
2022-04-01,"New Territories East",23.2233333333333,14.5,0.0333846153846154,1.14615384615385,26,1430,48,38,"2022","2022","04"
2022-04-01,"New Territories West",24.2475632183908,3.75,0.0187058823529412,1.02857142857143,34,1870,35,19,"2022","2022","04"
2022-05-01,"Hong Kong Island & Kowloon",24.8559139784946,455.05,0.0958235294117647,1.22647058823529,68,3740,358,117,"2022","2022","05"
2022-05-01,"New Territories East",24.594623655914,521.833333333333,0.148307692307692,1.28461538461538,26,1430,212,190,"2022","2022","05"
2022-05-01,"New Territories West",24.7516129032258,373.5,0.0956470588235294,1.21176470588235,34,1870,179,116,"2022","2022","05"
2022-06-01,"Hong Kong Island & Kowloon",28.2111111111111,351.325,0.194647058823529,1.4,68,3740,728,273,"2022","2022","06"
2022-06-01,"New Territories East",28.3265079365079,361.666666666667,0.262461538461538,1.61538461538462,26,1430,375,424,"2022","2022","06"
2022-06-01,"New Territories West",28.058,242.75,0.199352941176471,1.52941176470588,34,1870,373,305,"2022","2022","06"
2022-07-01,"Hong Kong Island & Kowloon",29.8193548387097,139.825,0.0938235294117647,1.17647058823529,68,3740,351,110,"2022","2022","07"
2022-07-01,"New Territories East",29.9150537634409,199.666666666667,0.131769230769231,1.10869230769231,26,1430,188,146,"2022","2022","07"
2022-07-01,"New Territories West",29.6625806451613,122,0.0764117647058824,1.15882352941176,34,1870,143,89,"2022","2022","07"
2022-08-01,"Hong Kong Island & Kowloon",28.6290322580645,536.275,0.0675,1.1,68,3740,252,74,"2022","2022","08"
2022-08-01,"New Territories East",28.4860215053763,559.666666666667,0.0738461538461539,1.06923076923077,26,1430,106,79,"2022","2022","08"
2022-08-01,"New Territories West",28.2412903225806,423.75,0.0475882352941176,1.0875,34,1870,89,52,"2022","2022","08"
